[
  {
    "model": "timetable.week",
    "pk": 1,
    "fields": {
      "startDate": "18 Mar",
      "number": 25,
      "year": 2019
    }
  },
  {
    "model": "timetable.week",
    "pk": 2,
    "fields": {
      "startDate": "25 Mar",
      "number": 26,
      "year": 2019
    }
  },
  {
    "model": "timetable.week",
    "pk": 3,
    "fields": {
      "startDate": "01Apr",
      "number": 27,
      "year": 2019
    }
  },
  {
    "model": "timetable.week",
    "pk": 4,
    "fields": {
      "startDate": "08Apr",
      "number": 28,
      "year": 2019
    }
  },
  {
    "model": "timetable.week",
    "pk": 5,
    "fields": {
      "startDate": "15Apr",
      "number": 29,
      "year": 2019
    }
  },
  {
    "model": "timetable.week",
    "pk": 6,
    "fields": {
      "startDate": "22Apr",
      "number": 30,
      "year": 2019
    }
  },
  {
    "model": "timetable.week",
    "pk": 7,
    "fields": {
      "startDate": "29Apr",
      "number": 31,
      "year": 2019
    }
  },
  {
    "model": "timetable.week",
    "pk": 8,
    "fields": {
      "startDate": "06May",
      "number": 32,
      "year": 2019
    }
  },
  {
    "model": "timetable.week",
    "pk": 9,
    "fields": {
      "startDate": "13May",
      "number": 33,
      "year": 2019
    }
  },
  {
    "model": "timetable.week",
    "pk": 10,
    "fields": {
      "startDate": "20May",
      "number": 34,
      "year": 2019
    }
  },
  {
    "model": "timetable.week",
    "pk": 11,
    "fields": {
      "startDate": "27 May",
      "number": 35,
      "year": 2019
    }
  },
  {
    "model": "timetable.week",
    "pk": 12,
    "fields": {
      "startDate": "03 Jun",
      "number": 36,
      "year": 2019
    }
  },
  {
    "model": "timetable.week",
    "pk": 13,
    "fields": {
      "startDate": "10Jun",
      "number": 37,
      "year": 2019
    }
  },
  {
    "model": "timetable.week",
    "pk": 14,
    "fields": {
      "startDate": "17Jun",
      "number": 38,
      "year": 2019
    }
  },
  {
    "model": "timetable.week",
    "pk": 15,
    "fields": {
      "startDate": "24Jun",
      "number": 39,
      "year": 2019
    }
  },
  {
    "model": "timetable.event",
    "pk": 1,
    "fields": {
      "description": "Wargames",
      "date_time_line": "Mon17: 00-22:00",
      "sort_key": 1
    }
  },
  {
    "model": "timetable.event",
    "pk": 2,
    "fields": {
      "description": "MtG Draft",
      "date_time_line": "Tue 18:00-22:00",
      "sort_key": 2
    }
  },
  {
    "model": "timetable.event",
    "pk": 3,
    "fields": {
      "description": "Board Games",
      "date_time_line": "Wed 14:00-22: 00",
      "sort_key": 3
    }
  },
  {
    "model": "timetable.event",
    "pk": 4,
    "fields": {
      "description": "CasualCardGames",
      "date_time_line": "Thurs17: 00-22:00",
      "sort_key": 4
    }
  },
  {
    "model": "timetable.event",
    "pk": 5,
    "fields": {
      "description": "RPGs",
      "date_time_line": "Saturday",
      "sort_key": 5
    }
  },
  {
    "model": "timetable.event",
    "pk": 6,
    "fields": {
      "description": "LARP",
      "date_time_line": "Sun12: 00-17:00",
      "sort_key": 6
    }
  },
  {
    "model": "timetable.event",
    "pk": 7,
    "fields": {
      "description": "Board Games",
      "date_time_line": "Wed 16:00-22:00",
      "sort_key": 3
    }
  },
  {
    "model": "timetable.booking",
    "pk": 1,
    "fields": {
      "event": 1,
      "week": 1,
      "room": "WA0.15a"
    }
  },
  {
    "model": "timetable.booking",
    "pk": 2,
    "fields": {
      "event": 7,
      "week": 1,
      "room": "WA0.15a"
    }
  },
  {
    "model": "timetable.booking",
    "pk": 3,
    "fields": {
      "event": 4,
      "week": 1,
      "room": "WA0.15a"
    }
  },
  {
    "model": "timetable.booking",
    "pk": 4,
    "fields": {
      "event": 1,
      "week": 2,
      "room": "WA0.15a"
    }
  },
  {
    "model": "timetable.booking",
    "pk": 5,
    "fields": {
      "event": 7,
      "week": 2,
      "room": "WA0.15a"
    }
  },
  {
    "model": "timetable.booking",
    "pk": 6,
    "fields": {
      "event": 4,
      "week": 2,
      "room": "WA0.15a"
    }
  },
  {
    "model": "timetable.booking",
    "pk": 7,
    "fields": {
      "event": 1,
      "week": 3,
      "room": "WA0.15a"
    }
  },
  {
    "model": "timetable.booking",
    "pk": 8,
    "fields": {
      "event": 7,
      "week": 3,
      "room": "WA0.15a"
    }
  },
  {
    "model": "timetable.booking",
    "pk": 9,
    "fields": {
      "event": 4,
      "week": 3,
      "room": "WA0.15a"
    }
  },
  {
    "model": "timetable.booking",
    "pk": 10,
    "fields": {
      "event": 1,
      "week": 4,
      "room": "WA0.15a"
    }
  },
  {
    "model": "timetable.booking",
    "pk": 11,
    "fields": {
      "event": 7,
      "week": 4,
      "room": "WA0.15a"
    }
  },
  {
    "model": "timetable.booking",
    "pk": 12,
    "fields": {
      "event": 4,
      "week": 4,
      "room": "WA0.15a"
    }
  },
  {
    "model": "timetable.booking",
    "pk": 13,
    "fields": {
      "event": 1,
      "week": 5,
      "room": "WA0.15a"
    }
  },
  {
    "model": "timetable.booking",
    "pk": 14,
    "fields": {
      "event": 7,
      "week": 5,
      "room": "WA0.15a"
    }
  },
  {
    "model": "timetable.booking",
    "pk": 15,
    "fields": {
      "event": 4,
      "week": 5,
      "room": "WA0.15a"
    }
  },
  {
    "model": "timetable.booking",
    "pk": 16,
    "fields": {
      "event": 1,
      "week": 6,
      "room": "B2.01"
    }
  },
  {
    "model": "timetable.booking",
    "pk": 17,
    "fields": {
      "event": 2,
      "week": 6,
      "room": "B2.02"
    }
  },
  {
    "model": "timetable.booking",
    "pk": 18,
    "fields": {
      "event": 3,
      "week": 6,
      "room": "B2.01*"
    }
  },
  {
    "model": "timetable.booking",
    "pk": 19,
    "fields": {
      "event": 4,
      "week": 6,
      "room": "B2.02"
    }
  },
  {
    "model": "timetable.booking",
    "pk": 20,
    "fields": {
      "event": 5,
      "week": 6,
      "room": "Ask your GM!"
    }
  },
  {
    "model": "timetable.booking",
    "pk": 21,
    "fields": {
      "event": 6,
      "week": 6,
      "room": "B2.02"
    }
  },
  {
    "model": "timetable.booking",
    "pk": 22,
    "fields": {
      "event": 1,
      "week": 7,
      "room": "R0.03/4"
    }
  },
  {
    "model": "timetable.booking",
    "pk": 23,
    "fields": {
      "event": 2,
      "week": 7,
      "room": "B2.02"
    }
  },
  {
    "model": "timetable.booking",
    "pk": 24,
    "fields": {
      "event": 3,
      "week": 7,
      "room": "B2.02"
    }
  },
  {
    "model": "timetable.booking",
    "pk": 25,
    "fields": {
      "event": 4,
      "week": 7,
      "room": "B2.02"
    }
  },
  {
    "model": "timetable.booking",
    "pk": 26,
    "fields": {
      "event": 5,
      "week": 7,
      "room": "AskyourGM!"
    }
  },
  {
    "model": "timetable.booking",
    "pk": 27,
    "fields": {
      "event": 6,
      "week": 7,
      "room": "B2.02"
    }
  },
  {
    "model": "timetable.booking",
    "pk": 28,
    "fields": {
      "event": 1,
      "week": 8,
      "room": "R0.03/4"
    }
  },
  {
    "model": "timetable.booking",
    "pk": 29,
    "fields": {
      "event": 2,
      "week": 8,
      "room": "B2.02"
    }
  },
  {
    "model": "timetable.booking",
    "pk": 30,
    "fields": {
      "event": 3,
      "week": 8,
      "room": "B2.01^"
    }
  },
  {
    "model": "timetable.booking",
    "pk": 31,
    "fields": {
      "event": 4,
      "week": 8,
      "room": "B2.02"
    }
  },
  {
    "model": "timetable.booking",
    "pk": 32,
    "fields": {
      "event": 5,
      "week": 8,
      "room": "Ask your GM!"
    }
  },
  {
    "model": "timetable.booking",
    "pk": 33,
    "fields": {
      "event": 6,
      "week": 8,
      "room": "B2.02"
    }
  },
  {
    "model": "timetable.booking",
    "pk": 34,
    "fields": {
      "event": 1,
      "week": 9,
      "room": "R0.03/4"
    }
  },
  {
    "model": "timetable.booking",
    "pk": 35,
    "fields": {
      "event": 2,
      "week": 9,
      "room": "B2.02"
    }
  },
  {
    "model": "timetable.booking",
    "pk": 36,
    "fields": {
      "event": 3,
      "week": 9,
      "room": "B2.02"
    }
  },
  {
    "model": "timetable.booking",
    "pk": 37,
    "fields": {
      "event": 4,
      "week": 9,
      "room": "B2.02"
    }
  },
  {
    "model": "timetable.booking",
    "pk": 38,
    "fields": {
      "event": 5,
      "week": 9,
      "room": "AskyourGM!"
    }
  },
  {
    "model": "timetable.booking",
    "pk": 39,
    "fields": {
      "event": 6,
      "week": 9,
      "room": "B2.02"
    }
  },
  {
    "model": "timetable.booking",
    "pk": 40,
    "fields": {
      "event": 1,
      "week": 10,
      "room": "R0.03/4"
    }
  },
  {
    "model": "timetable.booking",
    "pk": 41,
    "fields": {
      "event": 2,
      "week": 10,
      "room": "B2.02"
    }
  },
  {
    "model": "timetable.booking",
    "pk": 42,
    "fields": {
      "event": 3,
      "week": 10,
      "room": "B2.02"
    }
  },
  {
    "model": "timetable.booking",
    "pk": 43,
    "fields": {
      "event": 4,
      "week": 10,
      "room": "B2.02"
    }
  },
  {
    "model": "timetable.booking",
    "pk": 44,
    "fields": {
      "event": 5,
      "week": 10,
      "room": "AskyourGM!"
    }
  },
  {
    "model": "timetable.booking",
    "pk": 45,
    "fields": {
      "event": 6,
      "week": 10,
      "room": "H0.58"
    }
  },
  {
    "model": "timetable.booking",
    "pk": 46,
    "fields": {
      "event": 1,
      "week": 11,
      "room": "R0.03/4"
    }
  },
  {
    "model": "timetable.booking",
    "pk": 47,
    "fields": {
      "event": 2,
      "week": 11,
      "room": "B2.02"
    }
  },
  {
    "model": "timetable.booking",
    "pk": 48,
    "fields": {
      "event": 3,
      "week": 11,
      "room": "B2.02"
    }
  },
  {
    "model": "timetable.booking",
    "pk": 49,
    "fields": {
      "event": 4,
      "week": 11,
      "room": "B2.02"
    }
  },
  {
    "model": "timetable.booking",
    "pk": 50,
    "fields": {
      "event": 5,
      "week": 11,
      "room": "Ask your GM!"
    }
  },
  {
    "model": "timetable.booking",
    "pk": 51,
    "fields": {
      "event": 6,
      "week": 11,
      "room": "B2.02"
    }
  },
  {
    "model": "timetable.booking",
    "pk": 52,
    "fields": {
      "event": 1,
      "week": 12,
      "room": "R0.03/4"
    }
  },
  {
    "model": "timetable.booking",
    "pk": 53,
    "fields": {
      "event": 2,
      "week": 12,
      "room": "B2.02"
    }
  },
  {
    "model": "timetable.booking",
    "pk": 54,
    "fields": {
      "event": 3,
      "week": 12,
      "room": "B2.02"
    }
  },
  {
    "model": "timetable.booking",
    "pk": 55,
    "fields": {
      "event": 4,
      "week": 12,
      "room": "B2.02"
    }
  },
  {
    "model": "timetable.booking",
    "pk": 56,
    "fields": {
      "event": 5,
      "week": 12,
      "room": "Ask your GM!"
    }
  },
  {
    "model": "timetable.booking",
    "pk": 57,
    "fields": {
      "event": 6,
      "week": 12,
      "room": "B2.02"
    }
  },
  {
    "model": "timetable.booking",
    "pk": 58,
    "fields": {
      "event": 1,
      "week": 13,
      "room": "R0.03/4"
    }
  },
  {
    "model": "timetable.booking",
    "pk": 59,
    "fields": {
      "event": 2,
      "week": 13,
      "room": "B2.02"
    }
  },
  {
    "model": "timetable.booking",
    "pk": 60,
    "fields": {
      "event": 3,
      "week": 13,
      "room": "B2.02"
    }
  },
  {
    "model": "timetable.booking",
    "pk": 61,
    "fields": {
      "event": 4,
      "week": 13,
      "room": "B2.02"
    }
  },
  {
    "model": "timetable.booking",
    "pk": 62,
    "fields": {
      "event": 5,
      "week": 13,
      "room": "Ask your GM!"
    }
  },
  {
    "model": "timetable.booking",
    "pk": 63,
    "fields": {
      "event": 6,
      "week": 13,
      "room": "B2.02"
    }
  },
  {
    "model": "timetable.booking",
    "pk": 64,
    "fields": {
      "event": 1,
      "week": 14,
      "room": "R0.03/4"
    }
  },
  {
    "model": "timetable.booking",
    "pk": 65,
    "fields": {
      "event": 2,
      "week": 14,
      "room": "B2.02"
    }
  },
  {
    "model": "timetable.booking",
    "pk": 66,
    "fields": {
      "event": 3,
      "week": 14,
      "room": "B2.02"
    }
  },
  {
    "model": "timetable.booking",
    "pk": 67,
    "fields": {
      "event": 4,
      "week": 14,
      "room": "B2.02"
    }
  },
  {
    "model": "timetable.booking",
    "pk": 68,
    "fields": {
      "event": 5,
      "week": 14,
      "room": "Ask your GM!"
    }
  },
  {
    "model": "timetable.booking",
    "pk": 69,
    "fields": {
      "event": 6,
      "week": 14,
      "room": "OC0.05"
    }
  },
  {
    "model": "timetable.booking",
    "pk": 70,
    "fields": {
      "event": 1,
      "week": 15,
      "room": "B2.01"
    }
  },
  {
    "model": "timetable.booking",
    "pk": 71,
    "fields": {
      "event": 2,
      "week": 15,
      "room": "B2.02"
    }
  },
  {
    "model": "timetable.booking",
    "pk": 72,
    "fields": {
      "event": 3,
      "week": 15,
      "room": "B2.02"
    }
  },
  {
    "model": "timetable.booking",
    "pk": 73,
    "fields": {
      "event": 4,
      "week": 15,
      "room": "B2.02"
    }
  },
  {
    "model": "timetable.booking",
    "pk": 74,
    "fields": {
      "event": 5,
      "week": 15,
      "room": "Ask your GM!"
    }
  },
  {
    "model": "timetable.booking",
    "pk": 75,
    "fields": {
      "event": 6,
      "week": 15,
      "room": "No LARP!"
    }
  },
  {
    "model": "timetable.colourscheme",
    "pk": 1,
    "fields": {
      "name": "Term 1",
      "html_code": "#DB87FD",
      "light_text": false
    }
  },
  {
    "model": "timetable.colourscheme",
    "pk": 2,
    "fields": {
      "name": "Christmas",
      "html_code": "#C782FA",
      "light_text": false
    }
  },
  {
    "model": "timetable.colourscheme",
    "pk": 3,
    "fields": {
      "name": "Term 2",
      "html_code": "#B187FD",
      "light_text": false
    }
  },
  {
    "model": "timetable.colourscheme",
    "pk": 4,
    "fields": {
      "name": "Easter",
      "html_code": "#9C89FC",
      "light_text": false
    }
  },
  {
    "model": "timetable.colourscheme",
    "pk": 5,
    "fields": {
      "name": "Term 3",
      "html_code": "#8A8AFA",
      "light_text": false
    }
  },
  {
    "model": "timetable.colourscheme",
    "pk": 6,
    "fields": {
      "name": "Summer",
      "html_code": "#ffffff",
      "light_text": false
    }
  },
  {
    "model": "timetable.timetable",
    "pk": 1,
    "fields": {
      "title": "Easter Holidays 2019",
      "notes": "Don't know where WA0.15a is? Check the Warwick interactive campus map!",
      "active": true,
      "colour": 4,
      "events": [
        1,
        7,
        4
      ],
      "weeks": [
        1,
        2,
        3,
        4,
        5
      ]
    }
  },
  {
    "model": "timetable.timetable",
    "pk": 2,
    "fields": {
      "title": "Term 3 2019",
      "notes": "Sign ups and taster sessions for RPGs are posted on our website!\r\nAll B rooms (B2.01, B2.02, B2.03 and B2.04/5) are on the Science Concourse (NOT in Maths/Statistics)\r\n* Week 30 Board Games: B2.01 available from 14:00, and B2.02 is additionally available from 15:00 for extra space.\r\n^ Week 32 Board Games: B2.01 is available from 14:00, and B2.02 is additionally available from 17:00 for extra space.",
      "active": true,
      "colour": 5,
      "events": [
        1,
        2,
        3,
        4,
        5,
        6
      ],
      "weeks": [
        6,
        7,
        8,
        9,
        10,
        11,
        12,
        13,
        14,
        15
      ]
    }
  }
]